consecutivo;banco;minplazo;maxplazo;minmonto;maxmonto;tasa;fecha
1;1;30;59;300.000;30.000.000;0.9;10/11/2021
2;1;30;59;30.000.001;150.000.000;1.2;10/11/2021
3;1;30;59;150.000.001;500.000.000;1.6;10/11/2021
4;1;30;59;500.000.001;50.000.000.100;2;10/11/2021
5;1;60;89;300.000;30.000.000;1.6;10/11/2021
6;1;60;89;30.000.001;150.000.000;1.9;10/11/2021
7;1;60;89;150.000.001;500.000.000;2.2;10/11/2021
8;1;60;89;500.000.001;50.000.000.100;2.3;10/11/2021
9;1;90;119;300.000;30.000.000;2.1;10/11/2021
10;1;90;119;30.000.001;150.000.000;2.2;10/11/2021
11;1;90;119;150.000.001;500.000.000;2.3;10/11/2021
12;1;90;119;500.000.001;50.000.000.100;2.4;10/11/2021
13;1;120;149;300.000;30.000.000;2.2;10/11/2021
14;1;120;149;30.000.001;150.000.000;2.3;10/11/2021
15;1;120;149;150.000.001;500.000.000;2.4;10/11/2021
16;1;120;149;500.000.001;50.000.000.100;2.5;10/11/2021
17;1;150;179;300.000;30.000.000;2.4;10/11/2021
18;1;150;179;30.000.001;150.000.000;2.5;10/11/2021
19;1;150;179;150.000.001;500.000.000;2.6;10/11/2021
20;1;150;179;500.000.001;50.000.000.100;2.7;10/11/2021
21;1;180;209;300.000;30.000.000;2.5;10/11/2021
22;1;180;209;30.000.001;150.000.000;2.6;10/11/2021
23;1;180;209;150.000.001;500.000.000;2.7;10/11/2021
24;1;180;209;500.000.001;50.000.000.100;2.8;10/11/2021
25;1;210;239;300.000;30.000.000;2.6;10/11/2021
26;1;210;239;30.000.001;150.000.000;2.7;10/11/2021
27;1;210;239;150.000.001;500.000.000;2.8;10/11/2021
28;1;210;239;500.000.001;50.000.000.100;2.9;10/11/2021
29;1;240;269;300.000;30.000.000;2.7;10/11/2021
30;1;240;269;30.000.001;150.000.000;2.8;10/11/2021
31;1;240;269;150.000.001;500.000.000;2.9;10/11/2021
32;1;240;269;500.000.001;50.000.000.100;3;10/11/2021
33;1;270;359;300.000;30.000.000;2.8;10/11/2021
34;1;270;359;30.000.001;150.000.000;2.9;10/11/2021
35;1;270;359;150.000.001;500.000.000;3;10/11/2021
36;1;270;359;500.000.001;50.000.000.100;3.1;10/11/2021
37;1;360;3600;300.000;30.000.000;3.1;10/11/2021
38;1;360;3600;30.000.001;150.000.000;3.2;10/11/2021
39;1;360;3600;150.000.001;500.000.000;3.3;10/11/2021
40;1;360;3600;500.000.001;50.000.000.100;3.4;10/11/2021
41;2;0;60;300.000;10.000.000.000;0.5;10/11/2021
42;2;61;89;300.000;10.000.000.000;1;10/11/2021
43;2;90;179;300.000;10.000.000.000;2.75;10/11/2021
44;2;180;359;300.000;10.000.000.000;3;10/11/2021
45;2;360;539;300.000;10.000.000.000;3.25;10/11/2021
46;2;540;5400;300.000;10.000.000.000;3.5;10/11/2021
47;3;30;50;1.000.000;99.000.000;0.05;10/11/2021
48;3;30;50;100.000.000;499.000.000;0.05;10/11/2021
49;3;30;50;500.000.000;5.000.000.000;0.05;10/11/2021
50;3;51;80;1.000.000;99.000.000;0.05;10/11/2021
51;3;51;80;100.000.000;499.000.000;0.05;10/11/2021
52;3;51;80;500.000.000;5.000.000.000;0.05;10/11/2021
53;3;81;150;1.000.000;99.000.000;0.45;10/11/2021
54;3;81;150;100.000.000;499.000.000;0.75;10/11/2021
55;3;81;150;500.000.000;5.000.000.000;0.95;10/11/2021
56;3;90;90;1.000.000;99.000.000;3.1;10/11/2021
57;3;90;90;100.000.000;499.000.000;3.1;10/11/2021
58;3;90;90;500.000.000;5.000.000.000;3.1;10/11/2021
59;3;151;270;1.000.000;99.000.000;3.7;10/11/2021
60;3;151;270;100.000.000;499.000.000;3.75;10/11/2021
61;3;151;270;500.000.000;5.000.000.000;3.8;10/11/2021
62;3;271;539;1.000.000;99.000.000;4.45;10/11/2021
63;3;271;539;100.000.000;499.000.000;4.5;10/11/2021
64;3;271;539;500.000.000;5.000.000.000;4.6;10/11/2021
65;3;540;719;1.000.000;99.000.000;5.3;10/11/2021
66;3;540;719;100.000.000;499.000.000;5.3;10/11/2021
67;3;540;719;500.000.000;5.000.000.000;5.3;10/11/2021
68;3;720;1079;1.000.000;99.000.000;5.6;10/11/2021
69;3;720;1079;100.000.000;499.000.000;5.6;10/11/2021
70;3;720;1079;500.000.000;5.000.000.000;5.6;10/11/2021
71;3;1080;10800;1.000.000;99.000.000;5.9;10/11/2021
72;3;1080;10800;100.000.000;499.000.000;5.9;10/11/2021
73;3;1080;10800;500.000.000;5.000.000.000;5.9;10/11/2021
74;4;30;59;500.000;9.999.999;0;10/11/2021
75;4;30;59;10.000.000;19.999.999;0;10/11/2021
76;4;30;59;20.000.000;49.999.999;0;10/11/2021
77;4;30;59;50.000.000;50.000.000.000;0;10/11/2021
78;4;60;89;500.000;9.999.999;0;10/11/2021
79;4;60;89;10.000.000;19.999.999;0;10/11/2021
80;4;60;89;20.000.000;49.999.999;0;10/11/2021
81;4;60;89;50.000.000;50.000.000.000;0;10/11/2021
82;4;90;119;500.000;9.999.999;1.4;10/11/2021
83;4;90;119;10.000.000;19.999.999;1.6;10/11/2021
84;4;90;119;20.000.000;49.999.999;1.85;10/11/2021
85;4;90;119;50.000.000;50.000.000.000;2;10/11/2021
86;4;120;179;500.000;9.999.999;1.75;10/11/2021
87;4;120;179;10.000.000;19.999.999;1.95;10/11/2021
88;4;120;179;20.000.000;49.999.999;2.2;10/11/2021
89;4;120;179;50.000.000;50.000.000.000;2.35;10/11/2021
90;4;180;269;500.000;9.999.999;2.05;10/11/2021
91;4;180;269;10.000.000;19.999.999;2.25;10/11/2021
92;4;180;269;20.000.000;49.999.999;2.5;10/11/2021
93;4;180;269;50.000.000;50.000.000.000;2.65;10/11/2021
94;4;270;539;500.000;9.999.999;2.5;10/11/2021
95;4;270;539;10.000.000;19.999.999;2.7;10/11/2021
96;4;270;539;20.000.000;49.999.999;3;10/11/2021
97;4;270;539;50.000.000;50.000.000.000;3.15;10/11/2021
98;4;540;719;500.000;9.999.999;3.75;10/11/2021
99;4;540;719;10.000.000;19.999.999;3.95;10/11/2021
100;4;540;719;20.000.000;49.999.999;4.25;10/11/2021
101;4;540;719;50.000.000;50.000.000.000;4.4;10/11/2021
102;4;720;7200;500.000;9.999.999;4.2;10/11/2021
103;4;720;7200;10.000.000;19.999.999;4.4;10/11/2021
104;4;720;7200;20.000.000;49.999.999;4.7;10/11/2021
105;4;720;7200;50.000.000;50.000.000.000;4.85;10/11/2021
106;5;30;59;200.000;9.999.999;1.65;10/11/2021
107;5;30;59;10.000.000;100.000.000;1.7;10/11/2021
108;5;30;59;100.000.000;100.000.000.000;1.9;10/11/2021
109;5;60;89;200.000;9.999.999;1.8;10/11/2021
110;5;60;89;10.000.000;100.000.000;1.9;10/11/2021
111;5;60;89;100.000.000;100.000.000.000;2.05;10/11/2021
112;5;90;119;200.000;9.999.999;2.1;10/11/2021
113;5;90;119;10.000.000;100.000.000;2.1;10/11/2021
114;5;90;119;100.000.000;100.000.000.000;2.15;10/11/2021
115;5;120;179;200.000;9.999.999;2.2;10/11/2021
116;5;120;179;10.000.000;100.000.000;2.23;10/11/2021
117;5;120;179;100.000.000;100.000.000.000;2.24;10/11/2021
118;5;180;359;200.000;9.999.999;2.8;10/11/2021
119;5;180;359;10.000.000;100.000.000;2.8;10/11/2021
120;5;180;359;100.000.000;100.000.000.000;2.9;10/11/2021
121;5;360;360;200.000;9.999.999;3.7;10/11/2021
122;5;360;360;10.000.000;100.000.000;3.7;10/11/2021
123;5;360;360;100.000.000;100.000.000.000;3.8;10/11/2021
124;6;60;89;500.000;9.999.999;0.7;10/11/2021
125;6;60;89;10.000.000;39.999.999;0.7;10/11/2021
126;6;60;89;40.000.000;99.999.999;0.7;10/11/2021
127;6;60;89;100.000.000;199.999.999;0.7;10/11/2021
128;6;60;89;200.000.000;499.999.999;0.7;10/11/2021
129;6;60;89;500.000.000;500.000.000;0.7;10/11/2021
130;6;90;179;500.000;9.999.999;1.9;10/11/2021
131;6;90;179;10.000.000;39.999.999;1.95;10/11/2021
132;6;90;179;40.000.000;99.999.999;2;10/11/2021
133;6;90;179;100.000.000;199.999.999;2.05;10/11/2021
134;6;90;179;200.000.000;499.999.999;2.05;10/11/2021
135;6;90;179;500.000.000;10.000.000.000;2.1;10/11/2021
136;6;180;359;500.000;9.999.999;2.3;10/11/2021
137;6;180;359;10.000.000;39.999.999;2.3;10/11/2021
138;6;180;359;40.000.000;99.999.999;2.35;10/11/2021
139;6;180;359;100.000.000;199.999.999;2.4;10/11/2021
140;6;180;359;200.000.000;499.999.999;2.4;10/11/2021
141;6;180;359;500.000.000;10.000.000.000;2.45;10/11/2021
142;6;360;539;500.000;9.999.999;2.85;10/11/2021
143;6;360;539;10.000.000;39.999.999;2.85;10/11/2021
144;6;360;539;40.000.000;99.999.999;2.9;10/11/2021
145;6;360;539;100.000.000;199.999.999;3;10/11/2021
146;6;360;539;200.000.000;499.999.999;3;10/11/2021
147;6;360;539;500.000.000;10.000.000.000;3.1;10/11/2021
148;6;540;540;500.000;9.999.999;2.9;10/11/2021
149;6;540;540;10.000.000;39.999.999;2.9;10/11/2021
150;6;540;540;40.000.000;99.999.999;2.95;10/11/2021
151;6;540;540;100.000.000;199.999.999;3.05;10/11/2021
152;6;540;540;200.000.000;499.999.999;3.05;10/11/2021
153;6;540;540;500.000.000;10.000.000.000;3.15;10/11/2021
154;7;30;55;500.000;50.000.000;0.01;10/11/2021
155;7;30;55;50.000.000;99.999.999;0.01;10/11/2021
156;7;30;55;100.000.000;499.999.999;0.01;10/11/2021
157;7;30;55;500.000.000;50.000.000.000;0.01;10/11/2021
158;7;56;85;500.000;50.000.000;0.7;10/11/2021
159;7;56;85;50.000.000;99.999.999;0.75;10/11/2021
160;7;56;85;100.000.000;499.999.999;0.8;10/11/2021
161;7;56;85;500.000.000;50.000.000.000;0.85;10/11/2021
162;7;86;115;500.000;50.000.000;2.45;10/11/2021
163;7;86;115;50.000.000;99.999.999;2.5;10/11/2021
164;7;86;115;100.000.000;499.999.999;2.55;10/11/2021
165;7;86;115;500.000.000;50.000.000.000;2.6;10/11/2021
166;7;116;140;500.000;50.000.000;2.55;10/11/2021
167;7;116;140;50.000.000;99.999.999;2.6;10/11/2021
168;7;116;140;100.000.000;499.999.999;2.65;10/11/2021
169;7;116;140;500.000.000;50.000.000.000;2.7;10/11/2021
170;7;141;185;500.000;50.000.000;2.95;10/11/2021
171;7;141;185;50.000.000;99.999.999;3;10/11/2021
172;7;141;185;100.000.000;499.999.999;3.05;10/11/2021
173;7;141;185;500.000.000;50.000.000.000;3.1;10/11/2021
174;7;186;355;500.000;50.000.000;3.15;10/11/2021
175;7;186;355;50.000.000;99.999.999;3.2;10/11/2021
176;7;186;355;100.000.000;499.999.999;3.25;10/11/2021
177;7;186;355;500.000.000;50.000.000.000;3.3;10/11/2021
178;7;356;539;500.000;50.000.000;4.1;10/11/2021
179;7;356;539;50.000.000;99.999.999;4.15;10/11/2021
180;7;356;539;100.000.000;499.999.999;4.2;10/11/2021
181;7;356;539;500.000.000;50.000.000.000;4.25;10/11/2021
182;7;540;719;500.000;50.000.000;5;10/11/2021
183;7;540;719;50.000.000;99.999.999;5.05;10/11/2021
184;7;540;719;100.000.000;499.999.999;5.1;10/11/2021
185;7;540;719;500.000.000;50.000.000.000;5.15;10/11/2021
186;7;720;1440;500.000;50.000.000;5.65;10/11/2021
187;7;720;1440;50.000.000;99.999.999;5.7;10/11/2021
188;7;720;1440;100.000.000;499.999.999;5.75;10/11/2021
189;7;720;1440;500.000.000;50.000.000.000;5.8;10/11/2021
1910;8;30;59;250.000;20.000.000;0;10/11/2021
1911;8;60;89;250.000;20.000.000;0;10/11/2021
1912;8;90;119;250.000;20.000.000;3;10/11/2021
191;8;120;149;250.000;20.000.000;3;10/11/2021
192;8;150;179;250.000;20.000.000;3.5;10/11/2021
193;8;180;209;250.000;20.000.000;3.95;10/11/2021
194;8;210;239;250.000;20.000.000;4.1;10/11/2021
195;8;240;269;250.000;20.000.000;4.2;10/11/2021
196;8;270;359;250.000;20.000.000;4.4;10/11/2021
197;8;360;539;250.000;20.000.000;4.8;10/11/2021
198;8;540;719;250.000;20.000.000;5.4;10/11/2021
199;8;720;1079;250.000;20.000.000;5.9;10/11/2021
200;8;1080;10800;250.000;20.000.000;6.2;10/11/2021
1913;8;30;59;20.000.001;100.000.000;0;10/11/2021
1914;8;60;89;20.000.001;100.000.000;0;10/11/2021
201;8;90;119;20.000.001;100.000.000;3;10/11/2021
202;8;120;149;20.000.001;100.000.000;3;10/11/2021
203;8;150;179;20.000.001;100.000.000;3.6;10/11/2021
204;8;180;209;20.000.001;100.000.000;4.05;10/11/2021
205;8;210;239;20.000.001;100.000.000;4.2;10/11/2021
206;8;240;269;20.000.001;100.000.000;4.3;10/11/2021
207;8;270;359;20.000.001;100.000.000;4.5;10/11/2021
208;8;360;539;20.000.001;100.000.000;4.9;10/11/2021
209;8;540;719;20.000.001;100.000.000;5.5;10/11/2021
210;8;720;1079;20.000.001;100.000.000;6;10/11/2021
211;8;1080;10800;20.000.001;100.000.000;6.3;10/11/2021
1915;8;30;59;100.000.001;500.000.000;0;10/11/2021
1916;8;60;89;100.000.001;500.000.000;0;10/11/2021
212;8;90;119;100.000.001;500.000.000;3;10/11/2021
213;8;120;149;100.000.001;500.000.000;3;10/11/2021
214;8;150;179;100.000.001;500.000.000;3.65;10/11/2021
215;8;180;209;100.000.001;500.000.000;4.1;10/11/2021
216;8;210;239;100.000.001;500.000.000;4.25;10/11/2021
217;8;240;269;100.000.001;500.000.000;4.35;10/11/2021
218;8;270;359;100.000.001;500.000.000;4.55;10/11/2021
219;8;360;539;100.000.001;500.000.000;4.95;10/11/2021
220;8;540;719;100.000.001;500.000.000;5.55;10/11/2021
221;8;720;1079;100.000.001;500.000.000;6.05;10/11/2021
222;8;1080;10800;100.000.001;500.000.000;6.35;10/11/2021
1917;8;30;59;500.000.001;5.000.000.000;0;10/11/2021
1918;8;60;89;500.000.001;5.000.000.000;0;10/11/2021
223;8;90;119;500.000.001;5.000.000.000;3;10/11/2021
224;8;120;149;500.000.001;5.000.000.000;3;10/11/2021
225;8;150;179;500.000.001;5.000.000.000;3.7;10/11/2021
226;8;180;209;500.000.001;5.000.000.000;4.15;10/11/2021
227;8;210;239;500.000.001;5.000.000.000;4.3;10/11/2021
228;8;240;269;500.000.001;5.000.000.000;4.4;10/11/2021
229;8;270;359;500.000.001;5.000.000.000;4.6;10/11/2021
230;8;360;539;500.000.001;5.000.000.000;5;10/11/2021
231;8;540;719;500.000.001;5.000.000.000;5.6;10/11/2021
232;8;720;1079;500.000.001;5.000.000.000;6.1;10/11/2021
233;8;1080;10800;500.000.001;5.000.000.000;6.4;10/11/2021
234;9;30;59;500.000;10.000.000.000;0.11;10/11/2021
235;9;60;89;500.000;10.000.000.000;1.45;10/11/2021
236;9;90;119;500.000;10.000.000.000;3.25;10/11/2021
237;9;120;149;500.000;10.000.000.000;3.45;10/11/2021
238;9;150;179;500.000;10.000.000.000;3.6;10/11/2021
239;9;180;209;500.000;10.000.000.000;3.8;10/11/2021
240;9;210;239;500.000;10.000.000.000;3.85;10/11/2021
241;9;240;269;500.000;10.000.000.000;3.9;10/11/2021
242;9;270;299;500.000;10.000.000.000;4;10/11/2021
243;9;300;329;500.000;10.000.000.000;4.05;10/11/2021
244;9;330;359;500.000;10.000.000.000;4.1;10/11/2021
245;9;360;539;500.000;10.000.000.000;4.5;10/11/2021
246;9;540;719;500.000;10.000.000.000;5;10/11/2021
247;9;720;1440;500.000;10.000.000.000;5.5;10/11/2021
248;10;30;59;50.000;5.000.000;1;10/11/2021
249;10;30;59;5.000.001;20.000.000;1;10/11/2021
250;10;30;59;20.000.001;50.000.000;1;10/11/2021
251;10;30;59;50.000.001;150.000.000;1;10/11/2021
252;10;30;59;150.000.001;300.000.000;1;10/11/2021
253;10;30;59;300.000.001;300.000.001.000;1;10/11/2021
254;10;60;89;50.000;5.000.000;1.2;10/11/2021
255;10;60;89;5.000.001;20.000.000;1.2;10/11/2021
256;10;60;89;20.000.001;50.000.000;1.2;10/11/2021
257;10;60;89;50.000.001;150.000.000;1.2;10/11/2021
258;10;60;89;150.000.001;300.000.000;1.2;10/11/2021
259;10;60;89;300.000.001;300.000.001.000;1.2;10/11/2021
260;10;90;119;50.000;5.000.000;2.75;10/11/2021
261;10;90;119;5.000.001;20.000.000;2.8;10/11/2021
262;10;90;119;20.000.001;50.000.000;2.85;10/11/2021
263;10;90;119;50.000.001;150.000.000;2.9;10/11/2021
264;10;90;119;150.000.001;300.000.000;2.95;10/11/2021
265;10;90;119;300.000.001;300.000.001.000;3;10/11/2021
266;10;120;149;50.000;5.000.000;2.9;10/11/2021
267;10;120;149;5.000.001;20.000.000;2.95;10/11/2021
268;10;120;149;20.000.001;50.000.000;3;10/11/2021
269;10;120;149;50.000.001;150.000.000;3.05;10/11/2021
270;10;120;149;150.000.001;300.000.000;3.1;10/11/2021
271;10;120;149;300.000.001;300.000.001.000;3.15;10/11/2021
272;10;150;179;50.000;5.000.000;3.1;10/11/2021
273;10;150;179;5.000.001;20.000.000;3.15;10/11/2021
274;10;150;179;20.000.001;50.000.000;3.2;10/11/2021
275;10;150;179;50.000.001;150.000.000;3.25;10/11/2021
276;10;150;179;150.000.001;300.000.000;3.3;10/11/2021
277;10;150;179;300.000.001;300.000.001.000;3.35;10/11/2021
278;10;180;209;50.000;5.000.000;3.35;10/11/2021
279;10;180;209;5.000.001;20.000.000;3.4;10/11/2021
280;10;180;209;20.000.001;50.000.000;3.45;10/11/2021
281;10;180;209;50.000.001;150.000.000;3.5;10/11/2021
282;10;180;209;150.000.001;300.000.000;3.55;10/11/2021
283;10;180;209;300.000.001;300.000.001.000;3.6;10/11/2021
284;10;210;230;50.000;5.000.000;3.45;10/11/2021
285;10;210;230;5.000.001;20.000.000;3.5;10/11/2021
286;10;210;230;20.000.001;50.000.000;3.55;10/11/2021
287;10;210;230;50.000.001;150.000.000;3.6;10/11/2021
288;10;210;230;150.000.001;300.000.000;3.65;10/11/2021
289;10;210;230;300.000.001;300.000.001.000;3.7;10/11/2021
290;10;240;269;50.000;5.000.000;3.6;10/11/2021
291;10;240;269;5.000.001;20.000.000;3.65;10/11/2021
292;10;240;269;20.000.001;50.000.000;3.7;10/11/2021
293;10;240;269;50.000.001;150.000.000;3.75;10/11/2021
294;10;240;269;150.000.001;300.000.000;3.8;10/11/2021
295;10;240;269;300.000.001;300.000.001.000;3.85;10/11/2021
296;10;270;299;50.000;5.000.000;3.85;10/11/2021
297;10;270;299;5.000.001;20.000.000;3.9;10/11/2021
298;10;270;299;20.000.001;50.000.000;3.95;10/11/2021
299;10;270;299;50.000.001;150.000.000;4;10/11/2021
300;10;270;299;150.000.001;300.000.000;4.05;10/11/2021
301;10;270;299;300.000.001;300.000.001.000;4.1;10/11/2021
302;10;300;329;50.000;5.000.000;3.95;10/11/2021
303;10;300;329;5.000.001;20.000.000;4;10/11/2021
304;10;300;329;20.000.001;50.000.000;4.05;10/11/2021
305;10;300;329;50.000.001;150.000.000;4.1;10/11/2021
306;10;300;329;150.000.001;300.000.000;4.15;10/11/2021
307;10;300;329;300.000.001;300.000.001.000;4.2;10/11/2021
308;10;330;359;50.000;5.000.000;4.05;10/11/2021
309;10;330;359;5.000.001;20.000.000;4.1;10/11/2021
310;10;330;359;20.000.001;50.000.000;4.15;10/11/2021
311;10;330;359;50.000.001;150.000.000;4.2;10/11/2021
312;10;330;359;150.000.001;300.000.000;4.25;10/11/2021
313;10;330;359;300.000.001;300.000.001.000;4.3;10/11/2021
314;10;360;539;50.000;5.000.000;4.25;10/11/2021
315;10;360;539;5.000.001;20.000.000;4.3;10/11/2021
316;10;360;539;20.000.001;50.000.000;4.35;10/11/2021
317;10;360;539;50.000.001;150.000.000;4.4;10/11/2021
318;10;360;539;150.000.001;300.000.000;4.45;10/11/2021
319;10;360;539;300.000.001;300.000.001.000;4.5;10/11/2021
320;10;540;540;50.000;5.000.000;4.95;10/11/2021
321;10;540;540;5.000.001;20.000.000;5;10/11/2021
322;10;540;540;20.000.001;50.000.000;5.05;10/11/2021
323;10;540;540;50.000.001;150.000.000;5.1;10/11/2021
324;10;540;540;150.000.001;300.000.000;5.15;10/11/2021
325;10;540;540;300.000.001;300.000.001.000;5.2;10/11/2021
326;11;30;59;50.000;99.999;0;10/11/2021
327;11;30;59;100.000;5.000.000;1.3;10/11/2021
328;11;30;59;5.000.001;10.000.000;1.5;10/11/2021
329;11;30;59;10.000.001;20.000.000;1.55;10/11/2021
330;11;30;59;20.000.001;50.000.000;1.6;10/11/2021
331;11;30;59;50.000.001;100.000.000;0;10/11/2021
332;11;30;59;100.000.001;500.000.000;0;10/11/2021
333;11;30;59;500.000.001;1.000.000.000;0;10/11/2021
334;11;30;59;1.000.000.001;1.000.000.001;0;10/11/2021
335;11;60;89;50.000;99.999;0;10/11/2021
336;11;60;89;100.000;5.000.000;1.5;10/11/2021
337;11;60;89;5.000.001;10.000.000;1.7;10/11/2021
338;11;60;89;10.000.001;20.000.000;1.75;10/11/2021
339;11;60;89;20.000.001;50.000.000;1.8;10/11/2021
340;11;60;89;50.000.001;100.000.000;0;10/11/2021
341;11;60;89;100.000.001;500.000.000;0;10/11/2021
342;11;60;89;500.000.001;1.000.000.000;0;10/11/2021
343;11;60;89;1.000.000.001;1.000.000.001;0;10/11/2021
344;11;90;119;50.000;99.999;3;10/11/2021
345;11;90;119;100.000;5.000.000;3.05;10/11/2021
346;11;90;119;5.000.001;10.000.000;3.2;10/11/2021
347;11;90;119;10.000.001;20.000.000;3.25;10/11/2021
348;11;90;119;20.000.001;50.000.000;3.25;10/11/2021
349;11;90;119;50.000.001;100.000.000;3.3;10/11/2021
350;11;90;119;100.000.001;500.000.000;3.35;10/11/2021
351;11;90;119;500.000.001;1.000.000.000;3.4;10/11/2021
352;11;90;119;1.000.000.001;1.000.000.001;3.4;10/11/2021
353;11;120;179;50.000;99.999;3.2;10/11/2021
354;11;120;179;100.000;5.000.000;3.25;10/11/2021
355;11;120;179;5.000.001;10.000.000;3.3;10/11/2021
356;11;120;179;10.000.001;20.000.000;3.35;10/11/2021
357;11;120;179;20.000.001;50.000.000;3.4;10/11/2021
358;11;120;179;50.000.001;100.000.000;3.5;10/11/2021
359;11;120;179;100.000.001;500.000.000;3.55;10/11/2021
360;11;120;179;500.000.001;1.000.000.000;3.6;10/11/2021
361;11;120;179;1.000.000.001;1.000.000.001;3.6;10/11/2021
362;11;180;359;50.000;99.999;4.05;10/11/2021
363;11;180;359;100.000;5.000.000;4.1;10/11/2021
364;11;180;359;5.000.001;10.000.000;4.2;10/11/2021
365;11;180;359;10.000.001;20.000.000;4.2;10/11/2021
366;11;180;359;20.000.001;50.000.000;4.25;10/11/2021
367;11;180;359;50.000.001;100.000.000;4.3;10/11/2021
368;11;180;359;100.000.001;500.000.000;4.4;10/11/2021
369;11;180;359;500.000.001;1.000.000.000;4.45;10/11/2021
370;11;180;359;1.000.000.001;1.000.000.001;4.5;10/11/2021
371;11;360;539;50.000;99.999;4.4;10/11/2021
372;11;360;539;100.000;5.000.000;4.45;10/11/2021
373;11;360;539;5.000.001;10.000.000;4.55;10/11/2021
374;11;360;539;10.000.001;20.000.000;4.55;10/11/2021
375;11;360;539;20.000.001;50.000.000;4.6;10/11/2021
376;11;360;539;50.000.001;100.000.000;4.65;10/11/2021
377;11;360;539;100.000.001;500.000.000;4.75;10/11/2021
378;11;360;539;500.000.001;1.000.000.000;4.85;10/11/2021
379;11;360;539;1.000.000.001;1.000.000.001;4.85;10/11/2021
380;11;540;719;50.000;99.999;4.9;10/11/2021
381;11;540;719;100.000;5.000.000;4.95;10/11/2021
382;11;540;719;5.000.001;10.000.000;5;10/11/2021
383;11;540;719;10.000.001;20.000.000;5.05;10/11/2021
384;11;540;719;20.000.001;50.000.000;5.1;10/11/2021
385;11;540;719;50.000.001;100.000.000;5.15;10/11/2021
386;11;540;719;100.000.001;500.000.000;5.2;10/11/2021
387;11;540;719;500.000.001;1.000.000.000;5.25;10/11/2021
388;11;540;719;1.000.000.001;1.000.000.001;5.3;10/11/2021
389;11;720;720;50.000;99.999;5;10/11/2021
390;11;720;720;100.000;5.000.000;5.05;10/11/2021
391;11;720;720;5.000.001;10.000.000;5.15;10/11/2021
392;11;720;720;10.000.001;20.000.000;5.2;10/11/2021
393;11;720;720;20.000.001;50.000.000;5.2;10/11/2021
394;11;720;720;50.000.001;100.000.000;5.25;10/11/2021
395;11;720;720;100.000.001;500.000.000;5.3;10/11/2021
396;11;720;720;500.000.001;1.000.000.000;5.35;10/11/2021
397;11;720;720;1.000.000.001;1.000.000.001;5.35;10/11/2021
398;12;30;59;450.000;49.999.999;0.1;10/11/2021
399;12;30;59;50.000.000;99.999.999;0.1;10/11/2021
400;12;30;59;100.000.000;499.999.999;0.1;10/11/2021
401;12;30;59;500.000.000;50.000.000.000;0.1;10/11/2021
402;12;60;89;450.000;49.999.999;0.47;10/11/2021
403;12;60;89;50.000.000;99.999.999;0.52;10/11/2021
404;12;60;89;100.000.000;499.999.999;0.57;10/11/2021
405;12;60;89;500.000.000;50.000.000.000;0.6;10/11/2021
406;12;90;119;450.000;49.999.999;1.7;10/11/2021
407;12;90;119;50.000.000;99.999.999;1.74;10/11/2021
408;12;90;119;100.000.000;499.999.999;1.78;10/11/2021
409;12;90;119;500.000.000;50.000.000.000;1.82;10/11/2021
410;12;120;149;450.000;49.999.999;1.86;10/11/2021
411;12;120;149;50.000.000;99.999.999;1.9;10/11/2021
412;12;120;149;100.000.000;499.999.999;1.94;10/11/2021
413;12;120;149;500.000.000;50.000.000.000;1.98;10/11/2021
414;12;150;179;450.000;49.999.999;2;10/11/2021
415;12;150;179;50.000.000;99.999.999;2.03;10/11/2021
416;12;150;179;100.000.000;499.999.999;2.06;10/11/2021
417;12;150;179;500.000.000;50.000.000.000;2.1;10/11/2021
418;12;180;359;450.000;49.999.999;2.14;10/11/2021
419;12;180;359;50.000.000;99.999.999;2.16;10/11/2021
420;12;180;359;100.000.000;499.999.999;2.23;10/11/2021
421;12;180;359;500.000.000;50.000.000.000;2.27;10/11/2021
422;12;360;539;450.000;49.999.999;2.35;10/11/2021
423;12;360;539;50.000.000;99.999.999;2.4;10/11/2021
424;12;360;539;100.000.000;499.999.999;2.45;10/11/2021
425;12;360;539;500.000.000;50.000.000.000;2.5;10/11/2021
426;12;540;719;450.000;49.999.999;2.55;10/11/2021
427;12;540;719;50.000.000;99.999.999;2.6;10/11/2021
428;12;540;719;100.000.000;499.999.999;2.65;10/11/2021
429;12;540;719;500.000.000;50.000.000.000;2.7;10/11/2021
430;12;720;1079;450.000;49.999.999;2.75;10/11/2021
431;12;720;1079;50.000.000;99.999.999;2.8;10/11/2021
432;12;720;1079;100.000.000;499.999.999;2.85;10/11/2021
433;12;720;1079;500.000.000;50.000.000.000;2.9;10/11/2021
434;12;1080;10800;450.000;49.999.999;2.95;10/11/2021
435;12;1080;10800;50.000.000;99.999.999;3;10/11/2021
436;12;1080;10800;100.000.000;499.999.999;3.05;10/11/2021
437;12;1080;10800;500.000.000;50.000.000.000;3.1;10/11/2021
438;13;30;59;100.000;500.000;0;10/11/2021
439;13;30;59;500.000;1.000.000;0;10/11/2021
440;13;30;59;1.000.001;5.000.000;0;10/11/2021
441;13;30;59;5.000.001;20.000.000;0;10/11/2021
442;13;30;59;20.000.001;50.000.000;0;10/11/2021
443;13;30;59;50.000.001;100.000.000;0;10/11/2021
444;13;30;59;100.000.001;300.000.000;0;10/11/2021
445;13;30;59;300.000.001;500.000.000;0;10/11/2021
446;13;30;59;500.000.001;2.000.000.000;0;10/11/2021
447;13;60;89;100.000;500.000;0;10/11/2021
448;13;60;89;500.000;1.000.000;0;10/11/2021
449;13;60;89;1.000.001;5.000.000;0;10/11/2021
450;13;60;89;5.000.001;20.000.000;0;10/11/2021
451;13;60;89;20.000.001;50.000.000;0;10/11/2021
452;13;60;89;50.000.001;100.000.000;0;10/11/2021
453;13;60;89;100.000.001;300.000.000;0;10/11/2021
454;13;60;89;300.000.001;500.000.000;0;10/11/2021
455;13;60;89;500.000.001;2.000.000.000;0;10/11/2021
456;13;90;119;100.000;500.000;2.65;10/11/2021
457;13;90;119;500.000;1.000.000;2.7;10/11/2021
458;13;90;119;1.000.001;5.000.000;2.9;10/11/2021
459;13;90;119;5.000.001;20.000.000;2.95;10/11/2021
460;13;90;119;20.000.001;50.000.000;3;10/11/2021
461;13;90;119;50.000.001;100.000.000;3.05;10/11/2021
462;13;90;119;100.000.001;300.000.000;3.1;10/11/2021
463;13;90;119;300.000.001;500.000.000;3.15;10/11/2021
464;13;90;119;500.000.001;2.000.000.000;3.2;10/11/2021
465;13;120;149;100.000;500.000;2.8;10/11/2021
466;13;120;149;500.000;1.000.000;2.85;10/11/2021
467;13;120;149;1.000.001;5.000.000;3.1;10/11/2021
468;13;120;149;5.000.001;20.000.000;3.15;10/11/2021
469;13;120;149;20.000.001;50.000.000;3.2;10/11/2021
470;13;120;149;50.000.001;100.000.000;3.25;10/11/2021
471;13;120;149;100.000.001;300.000.000;3.3;10/11/2021
472;13;120;149;300.000.001;500.000.000;3.35;10/11/2021
473;13;120;149;500.000.001;2.000.000.000;3.4;10/11/2021
474;13;150;179;100.000;500.000;2.85;10/11/2021
475;13;150;179;500.000;1.000.000;2.9;10/11/2021
476;13;150;179;1.000.001;5.000.000;3.15;10/11/2021
477;13;150;179;5.000.001;20.000.000;3.2;10/11/2021
478;13;150;179;20.000.001;50.000.000;3.25;10/11/2021
479;13;150;179;50.000.001;100.000.000;3.3;10/11/2021
480;13;150;179;100.000.001;300.000.000;3.35;10/11/2021
481;13;150;179;300.000.001;500.000.000;3.4;10/11/2021
482;13;150;179;500.000.001;2.000.000.000;3.45;10/11/2021
483;13;180;209;100.000;500.000;3.25;10/11/2021
484;13;180;209;500.000;1.000.000;3.6;10/11/2021
485;13;180;209;1.000.001;5.000.000;3.75;10/11/2021
486;13;180;209;5.000.001;20.000.000;3.9;10/11/2021
487;13;180;209;20.000.001;50.000.000;3.95;10/11/2021
488;13;180;209;50.000.001;100.000.000;4;10/11/2021
489;13;180;209;100.000.001;300.000.000;4.05;10/11/2021
490;13;180;209;300.000.001;500.000.000;4.1;10/11/2021
491;13;180;209;500.000.001;2.000.000.000;4.15;10/11/2021
492;13;210;239;100.000;500.000;3.35;10/11/2021
493;13;210;239;500.000;1.000.000;3.65;10/11/2021
494;13;210;239;1.000.001;5.000.000;3.8;10/11/2021
495;13;210;239;5.000.001;20.000.000;3.95;10/11/2021
496;13;210;239;20.000.001;50.000.000;4;10/11/2021
497;13;210;239;50.000.001;100.000.000;4.05;10/11/2021
498;13;210;239;100.000.001;300.000.000;4.1;10/11/2021
499;13;210;239;300.000.001;500.000.000;4.15;10/11/2021
500;13;210;239;500.000.001;2.000.000.000;4.2;10/11/2021
501;13;240;269;100.000;500.000;3.45;10/11/2021
502;13;240;269;500.000;1.000.000;3.7;10/11/2021
503;13;240;269;1.000.001;5.000.000;3.85;10/11/2021
504;13;240;269;5.000.001;20.000.000;4;10/11/2021
505;13;240;269;20.000.001;50.000.000;4.05;10/11/2021
506;13;240;269;50.000.001;100.000.000;4.1;10/11/2021
507;13;240;269;100.000.001;300.000.000;4.15;10/11/2021
508;13;240;269;300.000.001;500.000.000;4.2;10/11/2021
509;13;240;269;500.000.001;2.000.000.000;4.25;10/11/2021
510;13;270;299;100.000;500.000;3.55;10/11/2021
511;13;270;299;500.000;1.000.000;3.75;10/11/2021
512;13;270;299;1.000.001;5.000.000;3.9;10/11/2021
513;13;270;299;5.000.001;20.000.000;4.05;10/11/2021
514;13;270;299;20.000.001;50.000.000;4.1;10/11/2021
515;13;270;299;50.000.001;100.000.000;4.15;10/11/2021
516;13;270;299;100.000.001;300.000.000;4.2;10/11/2021
517;13;270;299;300.000.001;500.000.000;4.25;10/11/2021
518;13;270;299;500.000.001;2.000.000.000;4.3;10/11/2021
519;13;300;329;100.000;500.000;3.6;10/11/2021
520;13;300;329;500.000;1.000.000;3.8;10/11/2021
521;13;300;329;1.000.001;5.000.000;3.95;10/11/2021
522;13;300;329;5.000.001;20.000.000;4.1;10/11/2021
523;13;300;329;20.000.001;50.000.000;4.15;10/11/2021
524;13;300;329;50.000.001;100.000.000;4.2;10/11/2021
525;13;300;329;100.000.001;300.000.000;4.25;10/11/2021
526;13;300;329;300.000.001;500.000.000;4.3;10/11/2021
527;13;300;329;500.000.001;2.000.000.000;4.35;10/11/2021
528;13;330;359;100.000;500.000;3.65;10/11/2021
529;13;330;359;500.000;1.000.000;3.85;10/11/2021
530;13;330;359;1.000.001;5.000.000;4;10/11/2021
531;13;330;359;5.000.001;20.000.000;4.15;10/11/2021
532;13;330;359;20.000.001;50.000.000;4.2;10/11/2021
533;13;330;359;50.000.001;100.000.000;4.25;10/11/2021
534;13;330;359;100.000.001;300.000.000;4.3;10/11/2021
535;13;330;359;300.000.001;500.000.000;4.35;10/11/2021
536;13;330;359;500.000.001;2.000.000.000;4.4;10/11/2021
537;13;360;539;100.000;500.000;4;10/11/2021
538;13;360;539;500.000;1.000.000;4.15;10/11/2021
539;13;360;539;1.000.001;5.000.000;4.3;10/11/2021
540;13;360;539;5.000.001;20.000.000;4.5;10/11/2021
541;13;360;539;20.000.001;50.000.000;4.55;10/11/2021
542;13;360;539;50.000.001;100.000.000;4.6;10/11/2021
543;13;360;539;100.000.001;300.000.000;4.65;10/11/2021
544;13;360;539;300.000.001;500.000.000;4.7;10/11/2021
545;13;360;539;500.000.001;2.000.000.000;4.75;10/11/2021
546;13;540;719;100.000;500.000;4.35;10/11/2021
547;13;540;719;500.000;1.000.000;4.6;10/11/2021
548;13;540;719;1.000.001;5.000.000;4.8;10/11/2021
549;13;540;719;5.000.001;20.000.000;4.85;10/11/2021
550;13;540;719;20.000.001;50.000.000;4.9;10/11/2021
551;13;540;719;50.000.001;100.000.000;4.95;10/11/2021
552;13;540;719;100.000.001;300.000.000;5;10/11/2021
553;13;540;719;300.000.001;500.000.000;5.05;10/11/2021
554;13;540;719;500.000.001;2.000.000.000;5.15;10/11/2021
555;13;720;1080;100.000;500.000;4.9;10/11/2021
556;13;720;1080;500.000;1.000.000;5.05;10/11/2021
557;13;720;1080;1.000.001;5.000.000;5.2;10/11/2021
558;13;720;1080;5.000.001;20.000.000;5.25;10/11/2021
559;13;720;1080;20.000.001;50.000.000;5.3;10/11/2021
560;13;720;1080;50.000.001;100.000.000;5.35;10/11/2021
561;13;720;1080;100.000.001;300.000.000;5.4;10/11/2021
562;13;720;1080;300.000.001;500.000.000;5.45;10/11/2021
563;13;720;1080;500.000.001;2.000.000.000;5.5;10/11/2021
1555;13;1080;10800;100.000;500.000;4.95;10/11/2021
1556;13;1080;10800;500.000;1.000.000;5.1;10/11/2021
1557;13;1080;10800;1.000.001;5.000.000;5.25;10/11/2021
1558;13;1080;10800;5.000.001;20.000.000;5.3;10/11/2021
1559;13;1080;10800;20.000.001;50.000.000;5.4;10/11/2021
1560;13;1080;10800;50.000.001;100.000.000;5.45;10/11/2021
1561;13;1080;10800;100.000.001;300.000.000;5.5;10/11/2021
1562;13;1080;10800;300.000.001;500.000.000;5.55;10/11/2021
1563;13;1080;10800;500.000.001;2.000.000.000;5.6;10/11/2021
564;14;30;59;100.000;49.999.999;0;10/11/2021
565;14;30;59;50.000.000;199.999.999;0;10/11/2021
566;14;30;59;200.000.000;499.999.999;0;10/11/2021
567;14;30;59;500.000.000;5.000.000.000;0;10/11/2021
568;14;60;89;100.000;49.999.999;0;10/11/2021
569;14;60;89;50.000.000;199.999.999;0;10/11/2021
570;14;60;89;200.000.000;499.999.999;0;10/11/2021
571;14;60;89;500.000.000;5.000.000.000;0;10/11/2021
572;14;90;90;100.000;49.999.999;2.1;10/11/2021
573;14;90;90;50.000.000;199.999.999;2.15;10/11/2021
574;14;90;90;200.000.000;499.999.999;2.2;10/11/2021
575;14;90;90;500.000.000;5.000.000.000;2.25;10/11/2021
576;14;91;120;100.000;49.999.999;2.15;10/11/2021
577;14;91;120;50.000.000;199.999.999;2.2;10/11/2021
578;14;91;120;200.000.000;499.999.999;2.25;10/11/2021
579;14;91;120;500.000.000;5.000.000.000;2.3;10/11/2021
580;14;121;150;100.000;49.999.999;2.2;10/11/2021
581;14;121;150;50.000.000;199.999.999;2.25;10/11/2021
582;14;121;150;200.000.000;499.999.999;2.3;10/11/2021
583;14;121;150;500.000.000;5.000.000.000;2.35;10/11/2021
584;14;151;180;100.000;49.999.999;2.35;10/11/2021
585;14;151;180;50.000.000;199.999.999;2.4;10/11/2021
586;14;151;180;200.000.000;499.999.999;2.45;10/11/2021
587;14;151;180;500.000.000;5.000.000.000;2.5;10/11/2021
588;14;181;210;100.000;49.999.999;2.7;10/11/2021
589;14;181;210;50.000.000;199.999.999;2.75;10/11/2021
590;14;181;210;200.000.000;499.999.999;2.8;10/11/2021
591;14;181;210;500.000.000;5.000.000.000;2.85;10/11/2021
592;14;211;240;100.000;49.999.999;2.75;10/11/2021
593;14;211;240;50.000.000;199.999.999;2.8;10/11/2021
594;14;211;240;200.000.000;499.999.999;2.85;10/11/2021
595;14;211;240;500.000.000;5.000.000.000;2.9;10/11/2021
596;14;241;270;100.000;49.999.999;2.8;10/11/2021
597;14;241;270;50.000.000;199.999.999;2.85;10/11/2021
598;14;241;270;200.000.000;499.999.999;2.9;10/11/2021
599;14;241;270;500.000.000;5.000.000.000;2.95;10/11/2021
600;14;271;300;100.000;49.999.999;2.85;10/11/2021
601;14;271;300;50.000.000;199.999.999;2.9;10/11/2021
602;14;271;300;200.000.000;499.999.999;2.95;10/11/2021
603;14;271;300;500.000.000;5.000.000.000;3;10/11/2021
604;14;301;330;100.000;49.999.999;2.9;10/11/2021
605;14;301;330;50.000.000;199.999.999;2.95;10/11/2021
606;14;301;330;200.000.000;499.999.999;3;10/11/2021
607;14;301;330;500.000.000;5.000.000.000;3.05;10/11/2021
608;14;331;360;100.000;49.999.999;3.3;10/11/2021
609;14;331;360;50.000.000;199.999.999;3.35;10/11/2021
610;14;331;360;200.000.000;499.999.999;3.4;10/11/2021
611;14;331;360;500.000.000;5.000.000.000;3.45;10/11/2021
612;14;361;390;100.000;49.999.999;3.35;10/11/2021
613;14;361;390;50.000.000;199.999.999;3.4;10/11/2021
614;14;361;390;200.000.000;499.999.999;3.45;10/11/2021
615;14;361;390;500.000.000;5.000.000.000;3.5;10/11/2021
616;14;391;420;100.000;49.999.999;3.4;10/11/2021
617;14;391;420;50.000.000;199.999.999;3.45;10/11/2021
618;14;391;420;200.000.000;499.999.999;3.5;10/11/2021
619;14;391;420;500.000.000;5.000.000.000;3.55;10/11/2021
620;14;421;450;100.000;49.999.999;3.45;10/11/2021
621;14;421;450;50.000.000;199.999.999;3.5;10/11/2021
622;14;421;450;200.000.000;499.999.999;3.55;10/11/2021
623;14;421;450;500.000.000;5.000.000.000;3.6;10/11/2021
624;14;451;480;100.000;49.999.999;3.5;10/11/2021
625;14;451;480;50.000.000;199.999.999;3.55;10/11/2021
626;14;451;480;200.000.000;499.999.999;3.6;10/11/2021
627;14;451;480;500.000.000;5.000.000.000;3.65;10/11/2021
628;14;481;510;100.000;49.999.999;3.55;10/11/2021
629;14;481;510;50.000.000;199.999.999;3.6;10/11/2021
630;14;481;510;200.000.000;499.999.999;3.65;10/11/2021
631;14;481;510;500.000.000;5.000.000.000;3.7;10/11/2021
632;14;511;540;100.000;49.999.999;3.8;10/11/2021
633;14;511;540;50.000.000;199.999.999;3.9;10/11/2021
634;14;511;540;200.000.000;499.999.999;3.95;10/11/2021
635;14;511;540;500.000.000;5.000.000.000;4;10/11/2021
636;14;541;10541;100.000;49.999.999;4.4;10/11/2021
637;14;541;10541;50.000.000;199.999.999;4.5;10/11/2021
638;14;541;10541;200.000.000;499.999.999;4.55;10/11/2021
639;14;541;10541;500.000.000;5.000.000.000;4.6;10/11/2021
640;16;30;60;500.000;10.000.000.000;1.2;10/11/2021
641;16;61;89;500.000;10.000.000.000;1.2;10/11/2021
642;16;90;119;500.000;10.000.000.000;1.35;10/11/2021
643;16;120;149;500.000;10.000.000.000;1.4;10/11/2021
644;16;150;179;500.000;10.000.000.000;1.45;10/11/2021
645;16;180;240;500.000;10.000.000.000;1.7;10/11/2021
646;16;241;300;500.000;10.000.000.000;1.7;10/11/2021
647;16;301;359;500.000;10.000.000.000;1.7;10/11/2021
648;16;360;539;500.000;10.000.000.000;1.8;10/11/2021
649;16;540;540;500.000;10.000.000.000;1.8;10/11/2021
650;17;60;89;500.000;5.000.000;1.66;10/11/2021
651;17;60;89;5.100.000;49.999.999;1.68;10/11/2021
652;17;60;89;50.000.000;199.999.999;1.7;10/11/2021
653;17;60;89;200.000.000;499.999.999;1.7;10/11/2021
654;17;60;89;500.000.000;50.000.000.000;1.7;10/11/2021
655;17;90;119;500.000;5.000.000;2.08;10/11/2021
656;17;90;119;5.100.000;49.999.999;3.2;10/11/2021
657;17;90;119;50.000.000;199.999.999;3.2;10/11/2021
658;17;90;119;200.000.000;499.999.999;3.2;10/11/2021
659;17;90;119;500.000.000;50.000.000.000;3.2;10/11/2021
660;17;120;149;500.000;5.000.000;2.1;10/11/2021
661;17;120;149;5.100.000;49.999.999;3.3;10/11/2021
662;17;120;149;50.000.000;199.999.999;3.3;10/11/2021
663;17;120;149;200.000.000;499.999.999;3.3;10/11/2021
664;17;120;149;500.000.000;50.000.000.000;3.3;10/11/2021
665;17;150;179;500.000;5.000.000;2.9;10/11/2021
666;17;150;179;5.100.000;49.999.999;3.45;10/11/2021
667;17;150;179;50.000.000;199.999.999;3.45;10/11/2021
668;17;150;179;200.000.000;499.999.999;3.45;10/11/2021
669;17;150;179;500.000.000;50.000.000.000;3.45;10/11/2021
670;17;180;209;500.000;5.000.000;3.2;10/11/2021
671;17;180;209;5.100.000;49.999.999;3.85;10/11/2021
672;17;180;209;50.000.000;199.999.999;3.85;10/11/2021
673;17;180;209;200.000.000;499.999.999;3.85;10/11/2021
674;17;180;209;500.000.000;50.000.000.000;3.85;10/11/2021
675;17;210;239;500.000;5.000.000;3.2;10/11/2021
676;17;210;239;5.100.000;49.999.999;3.85;10/11/2021
677;17;210;239;50.000.000;199.999.999;3.85;10/11/2021
678;17;210;239;200.000.000;499.999.999;3.85;10/11/2021
679;17;210;239;500.000.000;50.000.000.000;3.85;10/11/2021
680;17;240;269;500.000;5.000.000;3.2;10/11/2021
681;17;240;269;5.100.000;49.999.999;3.85;10/11/2021
682;17;240;269;50.000.000;199.999.999;3.85;10/11/2021
683;17;240;269;200.000.000;499.999.999;3.85;10/11/2021
684;17;240;269;500.000.000;50.000.000.000;3.85;10/11/2021
685;17;270;299;500.000;5.000.000;3.2;10/11/2021
686;17;270;299;5.100.000;49.999.999;3.85;10/11/2021
687;17;270;299;50.000.000;199.999.999;3.85;10/11/2021
688;17;270;299;200.000.000;499.999.999;3.85;10/11/2021
689;17;270;299;500.000.000;50.000.000.000;3.85;10/11/2021
690;17;300;329;500.000;5.000.000;3.2;10/11/2021
691;17;300;329;5.100.000;49.999.999;3.85;10/11/2021
692;17;300;329;50.000.000;199.999.999;3.85;10/11/2021
693;17;300;329;200.000.000;499.999.999;3.85;10/11/2021
694;17;300;329;500.000.000;50.000.000.000;3.85;10/11/2021
695;17;330;359;500.000;5.000.000;3.2;10/11/2021
696;17;330;359;5.100.000;49.999.999;3.85;10/11/2021
697;17;330;359;50.000.000;199.999.999;3.85;10/11/2021
698;17;330;359;200.000.000;499.999.999;3.85;10/11/2021
699;17;330;359;500.000.000;50.000.000.000;3.85;10/11/2021
700;17;360;360;500.000;5.000.000;4.1;10/11/2021
701;17;360;360;5.100.000;49.999.999;4.8;10/11/2021
702;17;360;360;50.000.000;199.999.999;4.8;10/11/2021
703;17;360;360;200.000.000;499.999.999;4.8;10/11/2021
704;17;360;360;500.000.000;50.000.000.000;4.8;10/11/2021
715;22;90;179;1.000.000;100.000.000;2.65;10/11/2021
716;22;90;179;100.000.001;500.000.000;2.75;10/11/2021
717;22;180;359;1.000.000;100.000.000;2.9;10/11/2021
718;22;180;359;100.000.001;500.000.000;3;10/11/2021
719;22;360;539;1.000.000;100.000.000;3.55;10/11/2021
720;22;360;539;100.000.001;500.000.000;3.65;10/11/2021
721;22;540;540;1.000.000;100.000.000;3.75;10/11/2021
722;22;540;540;100.000.001;500.000.000;3.85;10/11/2021
723;15;90;119;1.000.000;49.999.999;3.2;10/11/2021
724;15;90;119;50.000.000;99.999.999;3.2;10/11/2021
725;15;90;119;100.000.000;499.999.999;3.25;10/11/2021
726;15;90;119;500.000.000;999.999.999;3.25;10/11/2021
727;15;120;179;1.000.000;49.999.999;3.4;10/11/2021
728;15;120;179;50.000.000;99.999.999;3.4;10/11/2021
729;15;120;179;100.000.000;499.999.999;3.45;10/11/2021
730;15;120;179;500.000.000;999.999.999;3.45;10/11/2021
731;15;180;269;1.000.000;49.999.999;3.8;10/11/2021
732;15;180;269;50.000.000;99.999.999;3.8;10/11/2021
733;15;180;269;100.000.000;499.999.999;4;10/11/2021
734;15;180;269;500.000.000;999.999.999;4.2;10/11/2021
735;15;270;359;1.000.000;49.999.999;4;10/11/2021
736;15;270;359;50.000.000;99.999.999;4;10/11/2021
737;15;270;359;100.000.000;499.999.999;4.1;10/11/2021
738;15;270;359;500.000.000;999.999.999;4.4;10/11/2021
739;15;360;539;1.000.000;49.999.999;4.5;10/11/2021
740;15;360;539;50.000.000;99.999.999;4.5;10/11/2021
741;15;360;539;100.000.000;499.999.999;4.6;10/11/2021
742;15;360;539;500.000.000;999.999.999;4.8;10/11/2021
743;15;540;719;1.000.000;49.999.999;4.8;10/11/2021
744;15;540;719;50.000.000;99.999.999;4.8;10/11/2021
745;15;540;719;100.000.000;499.999.999;4.9;10/11/2021
746;15;540;719;500.000.000;999.999.999;5;10/11/2021
747;15;720;7200;1.000.000;49.999.999;5.15;10/11/2021
748;15;720;7200;50.000.000;99.999.999;5.15;10/11/2021
749;15;720;7200;100.000.000;499.999.999;5.3;10/11/2021
750;15;720;7200;500.000.000;999.999.999;5.3;10/11/2021
751;21;30;59;500.000;99.999.999;2.1;10/11/2021
752;21;30;59;100.000.000;999.999.999;2.15;10/11/2021
753;21;30;59;1.000.000.000;24.999.999.999;2.15;10/11/2021
754;21;30;59;25.000.000.000;25.000.000.000;2.15;10/11/2021
755;21;60;89;500.000;99.999.999;2.4;10/11/2021
756;21;60;89;100.000.000;999.999.999;2.45;10/11/2021
757;21;60;89;1.000.000.000;24.999.999.999;2.45;10/11/2021
758;21;60;89;25.000.000.000;25.000.000.000;2.45;10/11/2021
759;21;90;149;500.000;99.999.999;2.9;10/11/2021
760;21;90;149;100.000.000;999.999.999;2.95;10/11/2021
761;21;90;149;1.000.000.000;24.999.999.999;2.85;10/11/2021
762;21;90;149;25.000.000.000;25.000.000.000;2.85;10/11/2021
763;21;150;179;500.000;99.999.999;3.2;10/11/2021
764;21;150;179;100.000.000;999.999.999;3.25;10/11/2021
765;21;150;179;1.000.000.000;24.999.999.999;3.15;10/11/2021
766;21;150;179;25.000.000.000;25.000.000.000;3.15;10/11/2021
767;21;180;269;500.000;99.999.999;3.25;10/11/2021
768;21;180;269;100.000.000;999.999.999;3.3;10/11/2021
769;21;180;269;1.000.000.000;24.999.999.999;3.2;10/11/2021
770;21;180;269;25.000.000.000;25.000.000.000;3.2;10/11/2021
771;21;270;359;500.000;99.999.999;3.4;10/11/2021
772;21;270;359;100.000.000;999.999.999;3.45;10/11/2021
773;21;270;359;1.000.000.000;24.999.999.999;3.35;10/11/2021
774;21;270;359;25.000.000.000;25.000.000.000;3.35;10/11/2021
775;21;360;539;500.000;99.999.999;3.7;10/11/2021
776;21;360;539;100.000.000;999.999.999;3.75;10/11/2021
777;21;360;539;1.000.000.000;24.999.999.999;3.65;10/11/2021
778;21;360;539;25.000.000.000;25.000.000.000;3.65;10/11/2021
779;21;540;719;500.000;99.999.999;4.2;10/11/2021
780;21;540;719;100.000.000;999.999.999;4.25;10/11/2021
781;21;540;719;1.000.000.000;24.999.999.999;4.15;10/11/2021
782;21;540;719;25.000.000.000;25.000.000.000;4.15;10/11/2021
783;21;720;1079;500.000;99.999.999;4.7;10/11/2021
784;21;720;1079;100.000.000;999.999.999;4.75;10/11/2021
785;21;720;1079;1.000.000.000;24.999.999.999;4.65;10/11/2021
786;21;720;1079;25.000.000.000;25.000.000.000;4.65;10/11/2021
787;21;1080;10080;500.000;99.999.999;5.3;10/11/2021
788;21;1080;10080;100.000.000;999.999.999;5.35;10/11/2021
789;21;1080;10080;1.000.000.000;24.999.999.999;5.25;10/11/2021
790;21;1080;10080;25.000.000.000;25.000.000.000;5.25;10/11/2021
791;19;90;119;1.000.000;10.000.000;2.6;10/11/2021
792;19;90;119;10.000.001;50.000.000;2.65;10/11/2021
793;19;90;119;50.000.001;100.000.000;2.75;10/11/2021
794;19;90;119;100.000.001;500.000.000;2.78;10/11/2021
795;19;90;119;500.000.001;1.000.000.000;2.79;10/11/2021
796;19;90;119;1.000.000.001;5.000.000.000;2.8;10/11/2021
797;19;120;149;1.000.000;10.000.000;2.7;10/11/2021
798;19;120;149;10.000.001;50.000.000;2.75;10/11/2021
799;19;120;149;50.000.001;100.000.000;2.8;10/11/2021
800;19;120;149;100.000.001;500.000.000;2.88;10/11/2021
801;19;120;149;500.000.001;1.000.000.000;2.89;10/11/2021
802;19;120;149;1.000.000.001;5.000.000.000;2.9;10/11/2021
803;19;150;179;1.000.000;10.000.000;3;10/11/2021
804;19;150;179;10.000.001;50.000.000;3.05;10/11/2021
805;19;150;179;50.000.001;100.000.000;3.1;10/11/2021
806;19;150;179;100.000.001;500.000.000;3.13;10/11/2021
807;19;150;179;500.000.001;1.000.000.000;3.14;10/11/2021
808;19;150;179;1.000.000.001;5.000.000.000;3.15;10/11/2021
809;19;180;359;1.000.000;10.000.000;3.15;10/11/2021
810;19;180;359;10.000.001;50.000.000;3.2;10/11/2021
811;19;180;359;50.000.001;100.000.000;3.35;10/11/2021
812;19;180;359;100.000.001;500.000.000;3.38;10/11/2021
813;19;180;359;500.000.001;1.000.000.000;3.39;10/11/2021
814;19;180;359;1.000.000.001;5.000.000.000;3.4;10/11/2021
815;19;360;539;1.000.000;10.000.000;4.35;10/11/2021
816;19;360;539;10.000.001;50.000.000;4.4;10/11/2021
817;19;360;539;50.000.001;100.000.000;4.45;10/11/2021
818;19;360;539;100.000.001;500.000.000;4.48;10/11/2021
819;19;360;539;500.000.001;1.000.000.000;4.49;10/11/2021
820;19;360;539;1.000.000.001;5.000.000.000;4.5;10/11/2021
821;19;540;719;1.000.000;10.000.000;4.95;10/11/2021
822;19;540;719;10.000.001;50.000.000;5;10/11/2021
823;19;540;719;50.000.001;100.000.000;5.05;10/11/2021
824;19;540;719;100.000.001;500.000.000;5.08;10/11/2021
825;19;540;719;500.000.001;1.000.000.000;5.09;10/11/2021
826;19;540;719;1.000.000.001;5.000.000.000;5.1;10/11/2021
827;19;720;720;1.000.000;10.000.000;5.45;10/11/2021
828;19;720;720;10.000.001;50.000.000;5.5;10/11/2021
829;19;720;720;50.000.001;100.000.000;5.55;10/11/2021
830;19;720;720;100.000.001;500.000.000;5.58;10/11/2021
831;19;720;720;500.000.001;1.000.000.000;5.59;10/11/2021
832;19;720;720;1.000.000.001;5.000.000.000;5.6;10/11/2021
833;20;30;59;300.000;50.000.000.000;0.95;10/11/2021
834;20;60;89;300.000;50.000.000.000;1.95;10/11/2021
835;20;90;119;300.000;50.000.000.000;2.05;10/11/2021
836;20;120;179;300.000;50.000.000.000;2.25;10/11/2021
837;20;180;209;300.000;50.000.000.000;2.35;10/11/2021
838;20;210;239;300.000;50.000.000.000;2.65;10/11/2021
839;20;240;359;300.000;50.000.000.000;2.8;10/11/2021
840;20;360;539;300.000;50.000.000.000;2.8;10/11/2021
841;20;540;540;300.000;50.000.000.000;3;10/11/2021
842;20;720;720;300.000;50.000.000.000;3;10/11/2021
843;20;1080;1080;300.000;50.000.000.000;3;10/11/2021
844;20;1440;1440;300.000;50.000.000.000;3;10/11/2021
845;20;1800;1800;300.000;50.000.000.000;3.15;10/11/2021
846;23;90;119;0;499.999;2;10/11/2021
847;23;120;179;0;499.999;2.1;10/11/2021
848;23;180;359;0;499.999;2.2;10/11/2021
849;23;360;539;0;499.999;3.15;10/11/2021
850;23;540;5400;0;499.999;3.4;10/11/2021
851;23;90;119;500.000;9.999.999;2.05;10/11/2021
852;23;120;179;500.000;9.999.999;2.25;10/11/2021
853;23;180;359;500.000;9.999.999;2.3;10/11/2021
854;23;360;539;500.000;9.999.999;3.25;10/11/2021
855;23;540;5400;500.000;9.999.999;3.55;10/11/2021
856;23;90;119;10.000.000;19.999.999;2.25;10/11/2021
857;23;120;179;10.000.000;19.999.999;2.25;10/11/2021
858;23;180;359;10.000.000;19.999.999;2.4;10/11/2021
859;23;360;539;10.000.000;19.999.999;3.3;10/11/2021
860;23;540;5400;10.000.000;19.999.999;3.65;10/11/2021
861;23;90;119;20.000.000;49.999.999;2.25;10/11/2021
862;23;120;179;20.000.000;49.999.999;2.25;10/11/2021
863;23;180;359;20.000.000;49.999.999;2.45;10/11/2021
864;23;360;539;20.000.000;49.999.999;3.45;10/11/2021
865;23;540;5400;20.000.000;49.999.999;3.75;10/11/2021
866;23;90;119;50.000.000;99.999.999;2.3;10/11/2021
867;23;120;179;50.000.000;99.999.999;2.3;10/11/2021
868;23;180;359;50.000.000;99.999.999;2.45;10/11/2021
869;23;360;539;50.000.000;99.999.999;3.45;10/11/2021
870;23;540;5400;50.000.000;99.999.999;3.758;10/11/2021
871;23;90;119;100.000.000;249.999.999;2.3;10/11/2021
872;23;120;179;100.000.000;249.999.999;2.3;10/11/2021
873;23;180;359;100.000.000;249.999.999;2.5;10/11/2021
874;23;360;539;100.000.000;249.999.999;3.5;10/11/2021
875;23;540;5400;100.000.000;249.999.999;3.8;10/11/2021
876;23;90;119;250.000.000;499.999.999;2.35;10/11/2021
877;23;120;179;250.000.000;499.999.999;2.35;10/11/2021
878;23;180;359;250.000.000;499.999.999;2.55;10/11/2021
879;23;360;539;250.000.000;499.999.999;3.55;10/11/2021
880;23;540;5400;250.000.000;499.999.999;3.85;10/11/2021
881;23;90;119;500.000.000;10.000.000.000;2.4;10/11/2021
882;23;120;179;500.000.000;10.000.000.000;2.5;10/11/2021
883;23;180;359;500.000.000;10.000.000.000;2.6;10/11/2021
884;23;360;539;500.000.000;10.000.000.000;3.65;10/11/2021
885;23;540;5400;500.000.000;10.000.000.000;4;10/11/2021
886;18;60;89;1.000.000;9.999.999;0.15;10/11/2021
887;18;60;89;10.000.000;49.999.999;0.15;10/11/2021
888;18;60;89;50.000.000;199.999.999;0.15;10/11/2021
889;18;60;89;200.000.000;499.999.999;0.15;10/11/2021
890;18;60;89;500.000.000;5.000.000.000;0.15;10/11/2021
886;18;90;119;1.000.000;9.999.999;0.8;10/11/2021
887;18;90;119;10.000.000;49.999.999;1.3;10/11/2021
888;18;90;119;50.000.000;199.999.999;1.5;10/11/2021
889;18;90;119;200.000.000;499.999.999;1.65;10/11/2021
890;18;90;119;500.000.000;5.000.000.000;1.75;10/11/2021
891;18;120;179;1.000.000;9.999.999;1.2;10/11/2021
892;18;120;179;10.000.000;49.999.999;1.75;10/11/2021
893;18;120;179;50.000.000;199.999.999;1.8;10/11/2021
894;18;120;179;200.000.000;499.999.999;1.95;10/11/2021
895;18;120;179;500.000.000;5.000.000.000;2.05;10/11/2021
896;18;180;239;1.000.000;9.999.999;1.35;10/11/2021
897;18;180;239;10.000.000;49.999.999;1.85;10/11/2021
898;18;180;239;50.000.000;199.999.999;1.9;10/11/2021
899;18;180;239;200.000.000;499.999.999;2.2;10/11/2021
900;18;180;239;500.000.000;5.000.000.000;2.3;10/11/2021
901;18;240;239;1.000.000;9.999.999;1.45;10/11/2021
902;18;240;239;10.000.000;49.999.999;2.1;10/11/2021
903;18;240;239;50.000.000;199.999.999;2.15;10/11/2021
904;18;240;239;200.000.000;499.999.999;2.4;10/11/2021
905;18;240;239;500.000.000;5.000.000.000;2.45;10/11/2021
906;18;360;539;1.000.000;9.999.999;1.5;10/11/2021
907;18;360;539;10.000.000;49.999.999;2.4;10/11/2021
908;18;360;539;50.000.000;199.999.999;2.6;10/11/2021
909;18;360;539;200.000.000;499.999.999;2.75;10/11/2021
910;18;360;539;500.000.000;5.000.000.000;2.8;10/11/2021
911;18;540;1440;1.000.000;9.999.999;1.6;10/11/2021
912;18;540;1440;10.000.000;49.999.999;2.75;10/11/2021
913;18;540;1440;50.000.000;199.999.999;3.05;10/11/2021
914;18;540;1440;200.000.000;499.999.999;3.2;10/11/2021
915;18;540;1440;500.000.000;5.000.000.000;3.35;10/11/2021
